Position,Driver,Team,Time/Gap
1.0,#81 Oscar Piastri,McLaren,1:25:22.601
2.0,#4 Lando Norris,McLaren,+3.415
3.0,#16 Charles Leclerc,Ferrari,+20.185
4.0,#1 Max Verstappen,Red Bull,+21.731
5.0,#63 George Russell,Mercedes,+34.863
6.0,#23 Alexander Albon,Williams,+39.926
7.0,#44 Lewis Hamilton,Ferrari,+40.679
8.0,#30 Liam Lawson,RB,+52.033
9.0,#5 Gabriel Bortoleto,Kick Sauber,+56.434
10.0,#10 Pierre Gasly,Alpine,+1:12.714
11.0,#87 Oliver Bearman,Haas,+1:13.145
12.0,#27 Nico HÃ¼lkenberg,Kick Sauber,+1:13.628
13.0,#22 Yuki Tsunoda,Red Bull,+1:15.395
14.0,#18 Lance Stroll,Aston Martin,+1:19.831
15.0,#31 Esteban Ocon,Haas,+1:26.063
16.0,#12 Andrea Kimi Antonelli,Mercedes,+1:26.721
17.0,#14 Fernando Alonso,Aston Martin,+1:27.924
18.0,#55 Carlos Sainz Jr.,Williams,+1:32.024
19.0,#43 Franco Colapinto,Alpine,+1:35.250
20.0,#6 Isack Hadjar,RB,+1 lap
